{
  "salesforce_username": "david.lopes@unicredit.eu.devdynat",
  "salesforce_password": "P@ssword1!",
  "salesforce_security_token": "",
  "salesforce_url": "https://test.salesforce.com",
  "capture_user_details": true,
  "log_level": "INFO",
  "openkit_application_id": "87eee414-9338-446b-988b-bbdbf495c4f4",
  "openkit_beacon_url": "https://192.168.15.101:9999/mbeacon/eaa50379",
  "capture_lightning_uri": true,
  "capture_api": true,
  "capture_listview": true,
  "capture_uri": true,
  "capture_report": true,
  "max_session_age_minutes": 5,
  "salesforce_authentication_method": "Connected App",
  "salesforce_consumer_key": "3MVG90J3nJBMnqrS9hh0IXbsmLO_XyreywoNrkgXmmrst8XRsXXFJ.GlOCUWBTlkxqoKHinysznLGgRGLGxUI",
  "salesforce_audience": "https://test.salesforce.com",
  "salesforce_keystore_location": "/home/david/projects/labs/salesforce/certs/cert.jks",
  "salesforce_keystore_password": "cacerts",
  "salesforce_key_alias": "1",
  "salesforce_key_password": "cacerts"
}
